Branch Name,Branch Number,Address1,Branch City,Branch Province,PostalCode,Branch Country,Region Name,Latitude,Longitude,BranchJoinKey,Telephone1,Division Name,LOBName
Adelaide,20,23/25 Matthews Rd,Gepps Cross,SA,5094,AU,Australia,'-34.8361869211445,138.606048795119,207,,South Australia,AU-AG
Admin ON - TT,5,,,ON,,CA,CA Central,,,53,,Transportation ON,CA-TT
Admin SK - TT,59,,,SK,,CA,CA West,,,593,,Transportation SK,CA-TT
All Territories,198,"","",NT,"",CA,CA West,61.1131,'-126.305,1981,"",Territories,CA-CF
Ayr - TT,7,7 Cochran Drive,Ayr,ON,N0B 1E0,CA,CA Central,43.337904620506,'-80.4315827206054,73,(519) 622-7799,Transportation ON,"CA-TT,CA-TT"
Baie-Comeau,168,"2014, avenue du Labrador",Baie-Comeau,QC,G4Z 3C1,CA,CA East,49.2114540949404,'-68.2334770282871,1681,"",Eastern Quebec,CA-CF
Ballarat,5,21 Airport Road,Ballarat,VIC,3355,AU,Australia,'-37.5177129455365,143.802151932564,57,03 5334 7555,Southwest Victoria,"AU-AG,AU-CF"
Barrie,154,35 Line 4 South RR#1,Oro-Medonte,ON,L0L 2L0,CA,CA Central,44.4591989752782,'-79.5798242506726,1541,"",South Central Ontario,CA-CF
Barrie - TT,17,3269 Thomas Street,Barrie,ON,L9S 3W5,CA,CA Central,44.2975121176537,'-79.6699231401633,173,(705) 431-7175,Transportation ON,"CA-TT,CA-TT"
Bassano - AG,312,Old Highway 1,Bassano,AB,T0J 0B0,CA,CA West,50.7884261110396,'-112.449787970539,3121,(403) 641-3813,Southern Alberta,CA-AG
Bathurst,141,3338 Route 134,Bathurst,NB,E8L 1T8,CA,CA East,47.5682155377417,'-65.5760203891648,1411,"",Atlantic Division,CA-CF
Belleville - TT,21,107b Bellevue Dr,Belleville,ON,K8N 4Z5,CA,CA Central,44.181464467478,'-77.4426271787895,213,,Transportation ON,"CA-TT,CA-TT"
Bordertown,16,3 Cleggett Rd,Bordertown,SA,5268,AU,Australia,'-36.3100926070515,140.739344771153,167,(08) 8750 1000,Southwest Victoria - CF,"AU-CF,AU-AG"
Brandon,999,1825 18th Street North,Brandon,MB,R7C 1A6,CA,CA West,49.8821092572112,'-99.9607397025477,9991,"",Saskatchewan / Manitoba Division,CA-CF
Brandt Finance,50,,,,,AU,Australia,,,507,,Corporate Services - AU,AU-AG
Brandt Finance,50,,,,,NZ,New Zealand,,,508,,Corporate Services - NZ,NZ-AG
Brandt Rentals,63,,,,,AU,Australia,,,637,,Corporate Services - AU,AU-AG
Brandt Rentals,63,,,,,NZ,New Zealand,,,638,,Corporate Services - NZ,"NZ-AG,NZ-AG"
Brooks - AG,311,Highway 873 North,Brooks,AB,T1R 1B7,CA,CA West,50.6003622505892,'-111.89527880549,3111,(403) 362-3486,Southern Alberta,CA-AG
Brossard,162,3855 Boul. Matte,Brossard,QC,J4Y 2Z2,CA,CA East,45.430751808941,'-73.4604048874172,1621,"",Western Quebec,CA-CF
BTRT Admin - TT,79,,,SK,,CA,CA West,,,793,,BTRT,CA-TT
BTRT Ayr - TT,83,7 Cochran Dr,Ayr,ON,N0B 1E0,CA,CA Central,43.3379124237905,'-80.43175438197,833,,BTRT,CA-TT
BTRT Barrie - TT,87,3269 Thomas St,Innisfil,ON,L9S 3W5,CA,CA Central,44.3011057502033,'-79.6528750285369,873,,BTRT,CA-TT
BTRT Calgary - TT,72,10121 Barlow Trail NE,Calgary,AB,T3J 3C6,CA,CA West,51.1457532587211,'-114.00258152093,723,,BTRT,CA-TT
BTRT Cardinal - TT,91,"2085 Shanly Road, 22",Cardinal,ON,K0E 1E0,CA,CA Central,44.8089770932362,'-75.4022809512222,913,,BTRT,CA-TT
BTRT Estevan - TT,78,1 Frontier Street,Estevan,SK,S4A 2K9,CA,CA West,49.1313492740113,'-102.922512306843,783,,BTRT,CA-TT
BTRT Grande Prairie - TT,74,7101 102 St,Clairmont,AB,T8X 5A7,CA,CA West,55.2321892218514,'-118.797935428239,743,,BTRT,CA-TT
BTRT Hagersville - TT,89,4011 Hwy 6,Hagersville,ON,N0A 1H0,CA,CA Central,42.9697006783453,'-80.0468223880923,893,,BTRT,CA-TT
BTRT Kamloops - TT,95,8110 Dallas Dr,Kamloops,BC,V2C 6X2,CA,CA West,50.6586725341969,'-120.112555331063,953,,BTRT,CA-TT
BTRT Lloydminster - TT,77,5201 40 Ave,Lloydminster,SK,S9V 2B5,CA,CA West,53.2846880895752,'-109.978601221618,773,,BTRT,CA-TT
BTRT London - TT,81,31 Buchanan Ct,London,ON,N5Z 4P9,CA,CA Central,42.936563745268,'-81.185861240237,813,,BTRT,CA-TT
BTRT Mississauga - TT,84,1257 Eglinton Ave E,Mississauga,ON,L4W 1K7,CA,CA Central,43.6335592017655,'-79.6242310509986,843,,BTRT,CA-TT
BTRT Nisku - TT,71,"",Nisku,AB,T9E 0W8,CA,CA West,53.3322213841446,'-113.543925241575,713,"",BTRT,CA-TT
BTRT North Bay - TT,82,3410 ON-11,North Bay,ON,P1B 8G3,CA,CA Central,46.3658165672648,'-79.4649804652492,823,,BTRT,CA-TT
BTRT Regina - TT,76,1507 Ross Ave E,Regina,SK,S4N 7E5,CA,CA West,50.4649525472451,'-104.563967139841,763,,BTRT,CA-TT
BTRT Rentals - TT,73,,,AB,,CA,CA West,,,733,,BTRT,CA-TT
BTRT Saskatoon - TT,75,303 50 St E,Saskatoon,SK,S7K 6C1,CA,CA West,52.1696885760275,'-106.666210583964,753,,BTRT,CA-TT
BTRT Stoney Creek - TT,86,924 S Service Rd,Stoney Creek,ON,L8E 6A2,CA,CA Central,43.2248112095752,'-79.6722671862343,863,,BTRT,CA-TT
BTRT Sudbury - TT,88,184 Fielding Rd,Lively,ON,P3Y 1L6,CA,CA Central,46.4367801200734,'-81.0980602205679,883,,BTRT,CA-TT
BTRT Vars - TT,92,275 Corduroy Rd,Vars,ON,K0A 3H0,CA,CA Central,45.3268828422475,'-75.3553399345757,923,,BTRT,CA-TT
BTRT Whitby - TT,85,1311 Hopkins St,Whitby,ON,L1N 2C2,CA,CA Central,43.8728102625788,'-78.9167198274256,853,,BTRT,CA-TT
Calgary,104,333 96 Ave Trail NE,Calgary,AB,T3K 0S3,CA,CA West,51.1401948380515,'-114.063802358309,1041,403-567-0339,Southern Alberta Division,CA-CF
Cambridge,159,365 Industrial Road,Cambridge,ON,N3H 5S1,CA,CA Central,43.4089313276621,'-80.3341381546958,1591,"",Southwest Ontario,CA-CF
Cambridge_NZ,25,169 State Highway 1B,Cambridge,WKO,3493,NZ,New Zealand,'-37.8661092243145,175.458027436271,258,"",North Island North,"NZ-AG,NZ-AG"
Campbell River,115,1821 14TH AVE,Campbell River,BC,V9W 4H9,CA,CA West,50.0286256245514,'-125.268810358364,1151,250-286-0614,BC Coastal Division,CA-CF
Cardinal - TT,13,2085 Shanly Road (County Road 22),Cardinal,ON,K0E 1E0,CA,CA Central,44.8089770932362,'-75.4016694076111,133, (613) 657-1300,Transportation ON,"CA-TT,CA-TT"
Castlegar,116,4130 MINTO RD,Castlegar,BC,V1N 4C1,CA,CA West,49.2584414125074,'-117.657643073742,1161,250-365-6747,Interior BC Division,CA-CF
Chicoutimi,164,"1430, boulevard du Royaume O., CP 8270",Chicoutimi,QC,G7H 5B1,CA,CA East,48.3881115940152,'-71.1179975105732,1641,"",Eastern Quebec,CA-CF
Claresholm - AG,309,8500 Alberta Road,Claresholm,AB,T0L 0T0,CA,CA West,50.0493170002201,'-113.59425823194,3091,(403) 625-4421,Southern Alberta,CA-AG
Colac,11,3/345 Princes Hwy,Colac,VIC,3250,AU,Australia,'-38.3354359376188,143.553664282879,117,03 5231 6320,Southwest Victoria,"AU-AG,AU-CF"
Corner Brook,171,"12 Maple Valley Road, Unit 1",Corner Brook,NL,A2H 3C2,CA,CA East,48.9542221306442,'-57.9177406854046,1711,"",NFLD & Lab,CA-CF
Coronation - AG,305,4420 Victoria Avenue,Coronation,AB,T0C 1C0,CA,CA West,52.0891503233209,'-111.43620171465,3051,(403) 578-3744,Central Alberta,CA-AG
Corp - AG,1009,,Regina,SK,,CA,,,,10092,,Southwest Victoria,"AU-AG,AU-AG"
Corp – Construction,1000,"",Edmonton,AB,"",CA,,53.5361,'-113.4933,10001,"",Northern Alberta Division,"CA-CF,AU-AG"
Corp – Forestry,1001,"",Edmonton,AB,"",CA,,53.5354,'-113.4843,10011,"",Northern Alberta Division,"CA-CF,AU-AG"
Corp – Gov,1005,"",Edmonton,AB,"",CA,,53.5354,'-113.4933,10051,"",Northern Alberta Division,"CA-CF,AU-AG"
Corp - MH,1010,,Regina,SK,,CA,,,,10101,,Saskatchewan / Manitoba Division,CA-CF
Corp – Mining,1007,"",Edmonton,AB,"",CA,,53.5444,'-113.4909,10071,"",Northern Alberta Division,"CA-CF,AU-AG"
Corp – R&M,1008,"",Edmonton,AB,"",CA,,53.4713,'-113.475,10081,"",Northern Alberta Division,"CA-CF,AU-AG"
Corp – SC,1003,"",Edmonton,AB,"",CA,,53.5461,'-113.4923,10031,"",Northern Alberta Division,"CA-CF,AU-AG"
Corp - SLS SPT,1006,"",Regina,SK,"",CA,,50.4481,'-104.61,10061,"",Northern Alberta Division,"CA-CF,AU-AG"
Corp – VP,1004,"",Edmonton,AB,"",CA,,53.5444,'-113.4909,10041,"",Northern Alberta Division,"CA-CF,AU-AG"
Corp – WPS,1002,"",Edmonton,AB,"",CA,,53.5461,'-113.4923,10021,"",Northern Alberta Division,"CA-CF,CA-AG"
Corporate,149,1 Brandt Wy,Regina,SK,S4P 3R8,CA,CA East,50.4488386881764,'-104.493510681755,1491,,Head Office - East Division,CA-CF
Corporate - East,195,1 Brandt Wy,Regina,SK,S4P 3R8,CA,CA East,50.4488386881764,'-104.493510681755,1951,,Head Office - East Division,CA-CF
Corporate Pool - Central,201,,Mississauga,ON,,CA,CA East,,,2011,,Head Office - Central Division,CA-CF
Corporate Pool - East,200,"","",SK,"",CA,CA East,52.9399,'-102.3936,2001,"",Head Office - East Division,CA-CF
Corporate Pool - West,147,"",Regina,SK,,CA,CA West,,,1471,"",Head Office Division - CF,CA-CF
Corporate Services,71,,,,,AU,Australia,,,717,,Corporate Services - AU,AU-AG
Corporate Services,71,,,,,NZ,New Zealand,,,718,,Corporate Services - NZ,"NZ-AG,NZ-AG"
CPW - Calgary,145,10121 Barlow Trail NE,Calgary,AB,T3J 3C6,CA,CA West,51.1456552930465,'-114.002205449639,1451,,Head Office - Central Division,CA-CF
CPW - Calgary,345,10121 Barlow Trail NE,Calgary,AB,T3J 3C6,CA,CA West,51.1456351010706,'-114.003149587144,3451,"",Head Office Division - AG,CA-AG
CPW - Mississauga,194,1655 Britannia Rd E,Mississauga,ON,L4W 1S5,CA,CA Central,43.6594343236857,'-79.6439656448202,1941,,Head Office - East Division,CA-CF
CPW - Moncton,138,160 Urquhart Ave,Moncton,NB,E1H 2R5,CA,CA East,46.1285445791613,'-64.7516993059866,1381,,Head Office Division - CF,CA-CF
Cranbrook,119,604 Industrial Road #3,Cranbrook,BC,V1C 4V2,CA,CA West,49.5223207058409,'-115.768528656541,1191,250-426-3400,Southern Alberta Division,CA-CF
Creston - AG,310,1617 Northwest Blvd,Creston,BC,V0B 1G6,CA,CA West,49.1161613839318,'-116.523518678008,3101,(250) 431-9002,Southern Alberta,CA-AG
Drumheller - AG,313,3049 Highway 10 East,Drumheller,AB,T0J 0Y7,CA,CA West,51.4285695543749,'-112.64945430673,3131,(403) 823-8484,Central Alberta,CA-AG
Dryden,173,329 Kennedy Street,Dryden,ON,P8N 2Y5,CA,CA Central,49.7984078753983,'-92.8479013086581,1731,"",Northern Ontario,CA-CF
East Pool,197,"","",SK,"",CA,CA East,52.1233,'-106.6633,1971,"",Head Office - East Division,CA-CF
Edmonton,106,10630 - 176TH ST,Edmonton,AB,T5S 1M2,CA,CA West,53.5525072324771,'-113.624874015857,1061,780-484-6613,Northern Alberta Division,CA-CF
Edmonton CCE,190,10571-178 Street,Edmonton,AB,T5S 2K4,CA,CA West,53.5499271602852,'-113.625921722529,1901,"",Northern Alberta Division,CA-CF
Edmundston,169,"680, Blvd Isidore-Boucher",Edmundston,NB,E3V 4H6,CA,CA East,47.4038983945917,'-68.3621115995381,1691,"",Atlantic Division,CA-CF
Equipment Sales and PM,148,"","",SK,"",CA,CA West,52.9399,'-102.3936,1481,"",Head Office - Central Division,CA-CF
Equipment Sales and PM- AG,348,,Regina,SK,,CA,CA West,,,3481,,Head Office Division - AG,CA-AG
Estevan,182,1 Frontier Street,Estevan,SK,S4A 2K9,CA,CA West,49.1312598946561,'-102.922829009618,1821,,Saskatchewan / Manitoba Division,CA-CF
Estevan - TT,54,1 Frontier St,Estevan,SK,S4A 2K9,CA,CA West,49.1313492740113,'-102.921997322749,543,(306) 636-6320,Transportation SK,"CA-TT,CA-TT"
Fort McMurray,108,5-360 MCKENZIE BLVD,Fort McMurray,AB,T9H 4C4,CA,CA West,56.6673883192475,'-111.333248431035,1081,780-791-6635,Northern Alberta Division,CA-CF
Fort Nelson,110,4505-55th Street,Fort Nelson,BC,V0C 1R0,CA,CA West,58.8000976151065,'-122.713125615578,1101,250-774-4725,Peace Area Division,CA-CF
Fort St John,109,10344 CLAIRMONT FRG,Fort St. John,BC,V1J 4J1,CA,CA West,56.2629317387738,'-120.920158159891,1091,250-785-6762,Peace Area Division,CA-CF
Fredericton,139,171 Greenview Drive,Hanwell,NB,E3C 0M7,CA,CA East,45.9186067806509,'-66.7069170567125,1391,506-458-8380,Atlantic Division,CA-CF
Gisborne,20,67 Awapuni Road,Gisborne,GIS,4010,NZ,New Zealand,'-38.6684894199187,178.01532710988,208,06 869 0006,North Island South - CF,"NZ-CF,NZ-AG"
Gisborne - CF,29,"67 Awapuni Road, Awapuni",Gisborne,NZ,4010,NZ,New Zealand,'-38.6685838290433,178.015074842844,298,,North Island South - CF,NZ-CF
GMA-MH,180,,GMA,QC,,CA,CA East,,,1801,,Western Quebec,CA-CF
Grand Falls,178,15 Bayley Street,Grand Falls-Windsor,NL,A2A 2Y3,CA,CA East,48.9517025285894,'-55.6420143584165,1781,,NFLD & Lab,CA-CF
Grande Prairie,107,7301-102 Street,Clairmont,AB,T8X 5A7,CA,CA West,55.2339044485391,'-118.797483759946,1071,780-532-3414,Peace Area Division,CA-CF
Group Management - AU,7,,,,,AU,Australia,,,77,,,
Group Management - NZ,81,,,,,NZ,New Zealand,,,818,,Corporate Services - NZ,NZ-CF
Group Staff - NZ,1015,,,,,NZ,New Zealand,,,10158,,,
GTA - MH,179,,GTA,ON,,CA,CA Central,,,1791,,South Central Ontario,CA-CF
GVA-MH,181,,GVA,BC,,CA,CA West,,,1811,,BC Coastal Division,CA-CF
Hagersville - TT,3,"#4011, Highway #6 South",Hagersville,ON,N0A 1H0,CA,CA Central,42.969684977459,'-80.0467258285748,33,(905) 768-1300,Transportation ON,"CA-TT,CA-TT"
Halifax,142,60 Symonds Road,Bedford,NS,B4B 1H3,CA,CA East,44.7254054845445,'-63.7013129316256,1421,"",Atlantic Division,CA-CF
Hamilton,1,94 Portland Rd,Hamilton,VIC,3300,AU,Australia,'-37.7533374796637,142.008263561408,17,03 5572 3522,Southwest Victoria,"AU-AG,AU-CF"
Hamilton,26,8 Kells Place,Hamilton,WKO,3204,NZ,New Zealand,'-37.8036053476926,175.26131050374,268,07 847 0425,North Island North,"NZ-AG,NZ-CF"
Hanna - AG,314,302 Pioneer Trail,Hanna,AB,T0J 1P0,CA,CA West,51.6369967358308,'-111.915431486403,3141,(403) 854-3334,Central Alberta,CA-AG
Hastings,13,1318 Omahu Road,Hastings,HKB,4175,NZ,New Zealand,'-39.6148621537617,176.800275355942,138,06 879 9907,North Island South - AG,NZ-AG
Hastings,19,1863 Frankston - Flinders Rd,Hastings,VIC,3915,AU,Australia,'-38.2871711263401,145.185153252194,197,(03) 5979 2155,Metro Victoria,AU-AG
Hastings - CF,28,115 Henderson Road,"",HKB,4175,NZ,New Zealand,'-39.6148621537617,176.800275355942,288,"",North Island South - AG,"NZ-AG,NZ-AG"
Head Office,100,"",Regina,SK,S4P 3R8,CA,CA West,50.4488851772766,'-104.493410032833,1001,306-791-3334,Head Office Division - CF,CA-CF
Head Office - Calgary - ADM,300,"6302, 333 - 96 Avenue NE",Calgary,AB,T3K 0S3,CA,CA West,51.1402284953061,'-114.063255187709,3001,1-877-567-0339,Head Office Division - AG,CA-AG
Head Office - East,196,1 Brandt Wy,Regina,SK,S4P 3R8,CA,CA East,50.4488386881764,'-104.493510681755,1961,,Head Office - East Division,CA-CF
Hearst,174,1500 Front Street,Hearst,ON,P0L 1N0,CA,CA Central,49.6872861996884,'-83.6427615160513,1741,"",Northern Ontario,CA-CF
High River - AG,306,498114 - 121 St East,High River,AB,T1V 1M7,CA,CA West,50.5950990123018,'-113.824995041713,3061,(403) 652-7797,Southern Alberta,CA-AG
IFRS Reporting - AU,90,,,,,AU,Australia,,,907,,IFRS Reporting - AU,AU-AG
IFRS Reporting - NZ,90,,,,,NZ,New Zealand,,,908,,IFRS Reporting - NZ,NZ-AG
Kamloops,112,499 CHILCOTIN RD,Kamloops,BC,V2C 6X2,CA,CA West,50.660257389489,'-120.111605363194,1121,250-374-2115,Interior BC Division,CA-CF
Keith,15,Dukes Hwy,Keith,SA,5267,AU,Australia,'-36.09023947383,140.346631613474,157,(08) 8755 0800,Southwest Victoria - CF,"AU-CF,AU-AG"
Knoxfield,13,14 Rushdale Street,Knoxfield,VIC,3180,AU,Australia,'-37.8951413738757,145.255861893943,137,03 9763 8255,Metro Victoria,AU-AG
Labrador,172,9 Toronto Ave,Goose Bay,NL,A0P 1C0,CA,CA East,53.3273118572718,'-60.4108377415757,1721,"",NFLD & Lab,CA-CF
Lake Gardens - SRO - ADM,3,7/9-19 St Cedars Grove,Lake Gardens,VIC,3355,AU,Australia,'-37.545085759002,143.817047053791,37,,,
Launceston,21,4 Australis Dr,Rocherlea,TAS,7248,AU,Australia,'-41.3732345445192,147.112457097025,217,,Metro Victoria,AU-AG
Laval,161,"4500, Autoroute Chomedey",Laval,QC,H7R 6E9,CA,CA East,45.5664046596398,'-73.8232585009051,1611,"",Western Quebec,CA-CF
Lease & Rental ON - TT,20,,,ON,,CA,CA Central,,,203,,Transportation ON,CA-TT
Lease & Rental SK - TT,56,,,SK,,CA,CA West,,,563,,Transportation SK,CA-TT
Leongatha,4,2 Hogans Rd Leongatha South,Leongatha,VIC,3953,AU,Australia,'-38.5311287649074,145.951652709309,47,03 5667 6600,Southeast Victoria,"AU-AG,AU-CF"
Lethbridge,137,#5-90070 Range Road 211,Lethbridge,AB,T1J 5P1,CA,CA West,49.7104444061964,'-112.738922032107,1371,403-327-4611,Southern Alberta Division,CA-CF
Lilydale,14,459 Maroondah Hwy,Lilydale,VIC,3140,AU,Australia,'-37.7538070144275,145.362921468006,147,,Southeast Victoria,"AU-AG,AU-CF"
Lloydminster - TT,53,5201 40th Ave,Lloydminster,SK,S9V 2B5,CA,CA West,53.2848396685413,'-109.977602951378,533,(306) 825-3553,Transportation SK,"CA-TT,CA-TT"
London,157,16 Royce Court,London,ON,N6E 1L1,CA,CA Central,42.9280593269012,'-81.2100112190591,1571,"",Southwest Ontario,CA-CF
London - TT,1,31 Buchanan Court,London,ON,N5Z 4P9,CA,CA Central,42.9367173737016,'-81.1850050942,13,(519) 686-1000,Transportation ON,"CA-TT,CA-TT"
Maffra,8,16-18 Johnson St,Maffra,VIC,3860,AU,Australia,'-37.9644337184363,146.973103846075,87,03 5147 1122,Southeast Victoria,"AU-AG,AU-CF"
Manawatu,11,15 Darragh Road,Feilding,MWT,4775,NZ,New Zealand,'-40.2352711062792,175.567417103838,118,"",North Island South - CF,"NZ-CF,NZ-AG"
Manawatu - CF,30,15 Darragh Road,Feilding,NZ,4775,NZ,New Zealand,'-40.235254725522,175.56675191605,308,,North Island South - CF,NZ-CF
Masterton,32,315 High Street,Masterton,WGN,5810,NZ,New Zealand,'-40.9629164458309,175.613255227728,328,64 6 377 3009,North Island South - CF,"NZ-CF,NZ-AG"
Melbourne,22,71 Queens Rd,Melbourne,VIC,3004,AU,Australia,'-37.8513565225511,144.979343008701,227,,Metro Victoria,AU-AG
Melfort - AG,324,"Box 699, 2320 Saskatchewan Drive S",Melfort,SK,S0E 1A0,CA,CA West,52.8390492695552,'-104.589739891883,3241, (306) 752-9344,Northern Saskatchewan,CA-AG
Milton,124,8035 Esquesing Line,Milton,ON,L9T 5C8,CA,CA Central,43.5420347032732,'-79.875933106537,1241,905-693-0771,South Central Ontario,CA-CF
Mississauga,153,1655 Britannia Road East,Mississauga,ON,L4W 1S5,CA,CA Central,43.6595196749875,'-79.6439039568145,1531,"",South Central Ontario,CA-CF
Mississauga - TT,11,1257 Eglinton Avenue E,Mississauga,ON,L4W 1K7,CA,CA Central,43.6336493140224,'-79.6238211745691,113,(905) 268-2000,Transportation ON,"CA-TT,CA-TT"
Moncton,140,160 Urquhart Avenue,Monctun,NB,E1H 2R5,CA,CA East,46.1284886142292,'-64.752424500163,1401,"",Atlantic Division,CA-CF
Mont Laurier,176,327 Chemin du Golf,Lac-des-Écorces,QC,J0W 1H0,CA,CA East,46.5627395521812,'-75.4045576995776,1761,"",Western Quebec,CA-CF
Mont-Joli,177,930 Route de l'aéroport,Mont-Joli,QC,G5H 3L3,CA,CA East,48.5988476145897,'-68.2100347608458,1771,"",Eastern Quebec,CA-CF
Mount Gambier,18,290 Jubilee Highway,Mount Gambier,SA,5291,AU,Australia,'-37.8098078932235,140.743941621493,187,(08) 8724 6900,Southwest Victoria - CF,"AU-CF,AU-AG"
Mount Pearl,170,15 Allston Street,Mount Pearl,NL,A1N 0A3,CA,CA East,47.5327433279175,'-52.823509687885,1701,"",NFLD & Lab,CA-CF
Nanaimo,120,1830 SCHOOLHOUSE RD,Nanaimo,BC,V9X 1T4,CA,CA West,49.0996814386203,'-123.889089881703,1201,250-754-7735,BC Coastal Division,CA-CF
Naracoorte,17,230 Smith Street,Naracoorte,SA,5271,AU,Australia,'-36.9531592615074,140.75590821166,177,(08) 8760 1800,Southwest Victoria - CF,"AU-CF,AU-AG"
Nipawin - AG,326,2002 Highway 35 South,Nipawin,SK,S0E 1E0,CA,CA West,53.3354524763805,'-104.026881363022,3261,(306) 862-9344,Northern Saskatchewan,CA-AG
Norfolk - TT,9,1150 Vittoria Rd,Vittoria,ON,N0E 1W0,CA,CA Central,42.7495436101346,'-80.3521631526201,93,,Transportation ON,"CA-TT,CA-TT"
North Bay - TT,4,3410 Hwy 11 N,North Bay,ON,P1B 8G3,CA,CA Central,46.3659336365132,'-79.4640432633635,43,(705) 472-4000,Transportation ON,"CA-TT,CA-TT"
Northern ON - TT,24,,,ON,,CA,CA Central,,,243,,Transportation ON,"CA-TT,CA-TT"
Northern SK - TT,61,,,SK,,CA,CA West,,,613,,Transportation SK,"CA-TT,CA-TT"
Olds - AG,307,4310 - 50th Avenue,Olds,AB,T4H 1A5,CA,CA West,51.7994528952312,'-114.1019066337,3071,(403) 556-6961,Central Alberta,CA-AG
Ottawa,160,190 David Manchester Road,Ottawa,ON,K0A 1L0,CA,CA Central,45.2587703821617,'-75.9729071591551,1601,"",South Central Ontario,CA-CF
Ottawa - TT,18,2650 Carp Rd.,Ottawa,ON,K0A 1L0,CA,CA Central,45.3012055749527,'-75.977775040118,183,(613) 831-2940,Transportation ON,"CA-TT,CA-TT"
Pakenham,12,85 Bald Hill Road,Pakenham,VIC,3810,AU,Australia,'-38.0864561050982,145.497263736845,127,03 5941 5966,Southeast Victoria,"AU-AG,AU-CF"
PDI - Moncton,192,160 Urquhart Ave,Moncton,NB,E1H 2R5,CA,CA East,46.1284496131571,'-64.7521573306099,1921,,Head Office Division - CF,CA-CF
PDI - Regina,126,"",Regina,SK,S4P 3E1,CA,CA West,50.525011792407,'-104.624257802524,1261,"",Head Office Division - CF,CA-CF
Penhold - AG,316,37043 Hwy 2 Service Rd NB (northbound),Red Deer,AB,T4E 2C1,CA,CA West,52.1525896301702,'-113.811241280179,3161,(403) 343-2238,Central Alberta,CA-AG
Peterborough,155,1003 Highway 7 East,Peterborough,ON,K9J 7Y8,CA,CA Central,44.2997224222094,'-78.2560286451389,1551,"",South Central Ontario,CA-CF
Pincher Creek - AG,308,1165 Main Street,Pincher Creek,AB,T0K 1W0,CA,CA West,49.4865120479073,'-113.928300346027,3081, (403) 627-4451,Southern Alberta,CA-AG
Ponoka - AG,303,3600 Highway 2A South,Ponoka,AB,T4J 1J8,CA,CA West,52.6657265254008,'-113.603485422574,3031,(403) 783-3337,Central Alberta,CA-AG
Preventative Maintenance,48,,,,,AU,Australia,,,487,,Corporate Services - AU,AU-AG
Preventative Maintenance,48,,,,,NZ,New Zealand,,,488,,Corporate Services - NZ,"NZ-AG,NZ-AG"
Prince Albert - AG,325,Box 2949,Prince Albert,SK,S6V 7M4,CA,CA West,53.1702572777662,'-105.730944566805,3251,(306) 763-6686,Northern Saskatchewan,CA-AG
Prince Albert - TT,57,"3800 5th Ave East, #8",Prince Albert,SK,S6W 0A1,CA,CA West,53.1785142526326,'-105.738390378491,573,(306) 557-2067,Transportation SK,"CA-TT,CA-TT"
Prince George,111,1049 GREAT ST,Prince George,BC,V2N 2K8,CA,CA West,53.8793780383241,'-122.738700587005,1111,250-562-1151,Northern BC Division,CA-CF
Product Support Centre,125,"",Regina,SK,,CA,CA West,,,1251,"",Head Office Division - CF,CA-CF
PTD - Atlantic,146,109 Ilsley Avenue#14,Dartmouth,NS,B4B 1H3,CA,CA East,44.7260538091214,'-63.7015835738601,1461,9022523390,Atlantic Division,CA-CF
PTD - BC,129,"",Surrey,BC,,CA,CA West,,,1291,"",BC Coastal Division,CA-CF
PTD - Engineered Services,144,"",Regina,AB,,CA,CA West,,,1441,"",Head Office Division - CF,CA-CF
PTD - Northern Alberta,130,"",Edmonton,AB,,CA,CA West,,,1301,"",Northern Alberta Division,CA-CF
PTD - Ontario,185,"","",ON,,CA,CA Central,,,1851,"",South Central Ontario,CA-CF
PTD - Peace,135,"",Clairmont,AB,T8X 5A7,CA,CA West,55.2342777065932,'-118.793027003343,1351,"",Peace Area Division,CA-CF
PTD - Quebec,186,"","",QC,,CA,CA East,,,1861,"",Western Quebec,CA-CF
PTD - SK/MB,128,"",Winnipeg,MB,R3T 5S3,CA,CA West,49.8421513297468,'-97.1589962291,1281,"",Saskatchewan / Manitoba Division,CA-CF
PTD - Southern Alberta,127,"Building 224, 2880 45th Ave SE",Calgary,AB,T3J 3C6,CA,CA West,51.1465723069097,'-113.995837440169,1271,"",Southern Alberta Division,CA-CF
Pukekohe,24,CNR Paerta Road & Comrie place,Pukekohe,AUK,2120,NZ,New Zealand,'-37.1890263719025,174.902901109822,248,09 237 0043,North Island North,"NZ-CF,NZ-CF"
Red Deer,105,101 Burnt Park Drive,Red Deer,AB,T4P 0J7,CA,CA West,52.3024386994179,'-113.864372917768,1051,403-343-7557,Southern Alberta Division,CA-CF
Regina,101,PO Box 3856,Regina,SK,S4P 3R8,CA,CA West,50.4494258682319,'-104.491676812738,1011,306-791-7777,Saskatchewan / Manitoba Division,CA-CF
Regina - TT,52,1507 Ross Ave E,Regina,SK,S4N 7E5,CA,CA West,50.4650880485608,'-104.56352728959,523,(306) 789-7383,Southern SK,"CA-TT,CA-TT"
Regina Pats,998,1463 Albert Street,Regina,SK,S4R 2R8,CA,CA West,50.4599813898311,'-104.618054633175,9980,,,
Remarketing - BC,134,"","",BC,,CA,CA West,,,1341,"",BC Coastal Division,CA-CF
Remarketing - Northern AB,133,"","",AB,,CA,CA West,,,1331,"",Northern Alberta Division,CA-CF
Remarketing - Ontario,187,"","",ON,,CA,CA Central,,,1871,"",South Central Ontario,CA-CF
Remarketing - Quebec,188,"","",QC,,CA,CA East,,,1881,"",Western Quebec,CA-CF
Remarketing - SK/MB,131,"","",SK,,CA,CA West,,,1311,"",Saskatchewan / Manitoba Division,CA-CF
Remarketing - Southern AB,132,"","",AB,,CA,CA West,,,1321,"",Southern Alberta Division,CA-CF
Rocky View - AG,301,292177 Crosspointe Road,Calgary,AB,T4A 0V3,CA,CA West,51.2028420726173,'-113.973025974212,3011,(403) 280-2200,Southern Alberta,CA-AG
Rosthern - AG,322,911 Saskatchewan Street,Rosthern,SK,S0K 3R0,CA,CA West,52.6670574014133,'-106.324461736068,3221,(306) 232-4852,Northern Saskatchewan,CA-AG
Rotorua,15,52 Vaughan Road,Rotorua,BOP,3040,NZ,New Zealand,'-38.1487663758736,176.272867890824,158,07 345 5490,North Island South - AG,NZ-AG
Rotorua - CF,27,250 Te Ngae Road,Rotorua,BOP,3040,NZ,New Zealand,'-38.1487495013536,176.273275586565,278,"",North Island South - CF,"NZ-CF,NZ-AG"
Saskatoon,102,800 60 St W,Saskatoon,SK,S7K 3N2,CA,CA West,52.1893702965821,'-106.68789510071,1021,306-664-4141,Saskatchewan / Manitoba Division,CA-CF
Saskatoon - AG,321,"1125 North Service Road, Highway 16 West",Saskatoon,SK,S7K 3J7,CA,CA West,52.2120871748683,'-106.714502347927,3211,(306) 933-3303,Northern Saskatchewan,CA-AG
Saskatoon - Collision - TT,55,2616 Northridge Dr,Saskatoon,SK,S7L 7L8,CA,CA West,52.1692027035693,'-106.667077301941,553,,Transportation SK,"CA-TT,CA-TT"
Saskatoon - TT,51,303 50 St East,Saskatoon,SK,S7K 6C1,CA,CA West,52.1697280575886,'-106.666210583964,513,(306) 242-3411,Transportation SK,"CA-TT,CA-TT"
Silverdale,22,2 Emirali Road,Silverdale,AUK,932,NZ,New Zealand,'-36.6143726970289,174.666855719035,228,09 427 9137,North Island North,"NZ-AG,NZ-CF"
Smithers,117,2905 RR5-TATLOW RD,Smithers,BC,V0J 2N5,CA,CA West,54.7656717389052,'-127.143683831135,1171,250-847-3236,Northern BC Division,CA-CF
South Central ON - TT,22,,,ON,,CA,CA Central,,,223,,Transportation ON,"CA-TT,CA-TT"
South West ON - TT,23,,,ON,,CA,CA Central,,,233,,Transportation ON,"CA-TT,CA-TT"
Southern SK - TT,62,,,SK,,CA,CA West,,,623,,Transportation SK,"CA-TT,CA-TT"
SRO - NZ,80,,,,,NZ,New Zealand,,,808,,,
St. Agathe,175,4863 Route 117,st-agathe des monts,QC,J8C 2Z8,CA,CA East,46.0711151772593,'-74.3123942554239,1751,"",Western Quebec,CA-CF
St. Augustin,165,"180, rue Rotterdam",Saint-Augustin-de-Desmaures,QC,G3A 1T3,CA,CA East,46.7611583169362,'-71.4526775286863,1651,"",Eastern Quebec,CA-CF
St. Georges,166,"3220, 127e Rue Est",Saint-Georges,QC,G5Y 6M5,CA,CA East,46.1316001684407,'-70.6465910284328,1661,"",Eastern Quebec,CA-CF
Stettler - AG,304,Highway 12 West,Stettler,AB,T0C 2L0,CA,CA West,52.3261024429403,'-112.76093255512,3041, (403) 742-4427,Central Alberta,CA-AG
Stoney Creek,158,760 South Service Road,Stoney Creek,ON,L8E 5M6,CA,CA Central,43.2275830028211,'-79.6877967206103,1581,"",Southwest Ontario,CA-CF
Stoney Creek - TT,14,924 South Service Rd,Stoney Creek,ON,L8E 6A2,CA,CA Central,43.2248268451804,'-79.6721920843873,143, (905) 643-1214,Transportation ON,"CA-TT,CA-TT"
Stratford,14,57-63 Juliet Street,Stratford,TKI,4332,NZ,New Zealand,'-39.339353001158,174.286689419142,148,06 765 5690,North Island South - CF,"NZ-CF,NZ-AG"
Sudbury,152,199 Mumford Road,Lively,ON,P3Y 0A4,CA,CA Central,46.4286019851533,'-81.1152192008654,1521,"",Northern Ontario,CA-CF
Sudbury - TT,19,"184 Fielding Road, Lively",Sudbury,ON,P3Y 1L6,CA,CA Central,46.4368620722705,'-81.0977225321126,193,(866) 220-6099,Transportation ON,"CA-TT,CA-TT"
Sunshine,10,588 Ballarat Road,Sunshine,VIC,3020,AU,Australia,'-37.7738201697619,144.809705446068,107,03 9363 8100,Metro Victoria,AU-AG
Surrey,114,9500 190TH ST,Surrey,BC,V4N 3S2,CA,CA West,49.1747725502173,'-122.695494196475,1141,604-882-8888,BC Coastal Division,CA-CF
Swift Current,184,73VR+XV,Swift Current,SK,S9H 3X4,CA,CA West,50.2943430875024,'-107.909102205216,1841,,Saskatchewan / Manitoba Division,CA-CF
Swift Current - TT,93,73VR+XV,Swift Current,SK,S9H 3X4,CA,CA West,50.2943430875024,'-107.909102205216,933,,Transportation SK,"CA-TT,CA-TT"
Sydney,143,667 Keltic Drive,Sydney,NS,B1L 1B6,CA,CA East,46.127929983794,'-60.255202973891,1431,"",Atlantic Division,CA-CF
Te-Puke,19,575 Jellicoe Street,Te-Puke,BOP,3119,NZ,New Zealand,'-37.7738176023767,176.308790332574,198,07 282 7235,North Island South - CF,"NZ-CF,NZ-AG"
Terang,2,Lot 3 Cobden Road,Terang,VIC,3264,AU,Australia,'-38.2497631162793,142.929329574922,27,03 5592 2388,Southwest Victoria,"AU-AG,AU-CF"
Terrace,122,102 - 5221 Keith Avenue,Terrace,BC,V8G 1L2,CA,CA West,54.513464069325,'-128.628100386972,1221,"",Northern BC Division,CA-CF
Thunder Bay,150,1450 West Walsh Street,Thunder Bay,ON,P7E 6H6,CA,CA Central,48.372739856923,'-89.3013375780447,1501,"",Northern Ontario,CA-CF
Timmins,151,4087 Highway 101 West,Timmins,ON,P4N 7X8,CA,CA Central,48.4515348944838,'-81.4403932798879,1511,"",Northern Ontario,CA-CF
Trochu - AG,302,102 - 1st Avenue North,Trochu,AB,T0M 2C0,CA,CA West,51.8241705344509,'-113.236677062534,3021,(403) 442-3982,Central Alberta,CA-AG
Trois-Rivières,167,"2000, rue Sidbec",Trois-Rivières,QC,G8Z 4H1,CA,CA East,46.3321022994997,'-72.582331289788,1671,"",Western Quebec,CA-CF
Used International Sales - AG,350,,Calgary,AB,,CA,CA West,,,3501,,Head Office Division - AG,CA-AG
Val-d'Or,163,"1400, 3rd Avenue Est",Val-d'Or,QC,J9P 0J6,CA,CA Central,48.0994618758211,'-77.7329334455286,1631,819-824-2345,Northern Ontario,CA-CF
Value Parts - Moncton,193,160 Urquhart Ave,Moncton,NB,E1H 2R5,CA,CA East,46.1284526408295,'-64.7522349000366,1931,,Head Office Division - CF,CA-CF
Value Parts - Prince George,183,1049 GREAT ST,Prince George,BC,V2N 2K8,CA,CA West,53.8793780383241,'-122.73834653544,1831,,Head Office Division - CF,CA-CF
Value Parts - Regina,123,"",Regina,SK,S4P 3R8,CA,CA West,50.4514756929064,'-104.495478080611,1231,"",Head Office Division - CF,CA-CF
Vapormatic,21,15 Darragh Road,Fielding,WKO,4775,NZ,New Zealand,'-40.2352629159011,175.567073781109,218,06 350 0042,North Island North,"NZ-CF,NZ-CF"
Vars - TT,25,275 Corduroy Rd,Vars,ON,K0A 3H0,CA,CA Central,45.3268828422475,'-75.3553399345757,253,,Transportation ON,"CA-TT,CA-TT"
Vernon,118,3104 48TH AVE,Vernon,BC,V1T 3R6,CA,CA West,50.2816663539225,'-119.272180044857,1181,"",Interior BC Division,CA-CF
Victoria,121,"",Saanichton,BC,V8M 1Z9,CA,CA West,48.566708243962,'-123.420319947106,1211,"",BC Coastal Division,CA-CF
Vittoria - TT,211,1150 Vittoria Rd,Vittoria,ON,N0E 1W0,CA,CA Central,42.7496261483697,'-80.3514363727608,2113,,,
Vulcan - AG,315,311 Service Road North,Vulcan,AB,T0L 2B0,CA,CA West,50.4087436847568,'-113.255683124534,3151,(403) 485-2231,Southern Alberta,CA-AG
Waipapa,16,1 Klinac Lane,Waipapa,NTL,230,NZ,New Zealand,'-35.211647889287,173.918432690147,168,09 407 0666,North Island North,"NZ-AG,NZ-CF"
Waipukurau,12,21 Peel Street,Waipukurau,HKB,4200,NZ,New Zealand,'-39.9933419269156,176.554403093309,128,06 858 8822,North Island South - CF,"NZ-CF,NZ-AG"
Watrous - AG,323,"Box 609, Hwy 2 South",Watrous,SK,S0K 0E1,CA,CA West,51.6761379732227,'-105.477767507283,3231,(306) 946-3362,Northern Saskatchewan,CA-AG
Whangarei,17,115 Kioreroa Road,Whangarei,NTL,110,NZ,New Zealand,'-35.7448409175806,174.325371571573,178,09 438 7228,North Island North,"NZ-AG,NZ-CF"
Whangarei - CF,23,"115 Kioreroa Road, Port Whangarei",Whangarei,NZ,110,NZ,New Zealand,'-35.7448538564114,174.325276156856,238,,North Island South - CF,NZ-CF
Whitby - TT,12,1311 Hopkins Street,Whitby,ON,L1N 2C2,CA,CA Central,43.8729231524581,'-78.9163212205818,123,(905) 665-8888,Transportation ON,"CA-TT,CA-TT"
Whitehorse,191,111 Jasper Road,Whitehorse,YK,,CA,CA West,,,1911,,Peace Area Division,CA-CF
Williams Lake,113,4610 RR2 MCRAE ST,Williams Lake,BC,V2G 5E9,CA,CA West,52.1662989874534,'-122.160921415928,1131,250-392-2901,Interior BC Division,CA-CF
Windsor,156,5655 Outer Drive,Windsor,ON,N9G 0C4,CA,CA Central,42.2341429075156,'-82.9843691909702,1561,"",Southwest Ontario,CA-CF
Windsor - TT,15,3795 Webster Drive,Windsor,ON,N9G 0C4,CA,CA Central,42.2344385621933,'-82.9836871033882,153,(519) 737-6999,South West ON,"CA-TT,CA-TT"
Winnipeg,103,3700 McGillivary Blvd,Winnipeg,MB,R3T 5S3,CA,CA West,49.804659653475,'-97.2434286756843,1031,204-231-2333,Saskatchewan / Manitoba Division,CA-CF
